exclude_outliers,window,model,RMSE,RMSE,MAE,MAE,R2,R2
,,,mean,std,mean,std,mean,std
False,full_36_42,ApproxPaper-GPR-EKF,0.012709152130987332,0.006968140421484784,0.006128738884743245,0.003082645432142448,0.9533291627407166,0.05158007777604675
False,medium_37_40,ApproxPaper-GPR-EKF,0.013659087983940976,0.006909783626759468,0.006869003172973609,0.0032777213925262927,0.9478785862579975,0.05213119865426393
False,narrow_375_395,ApproxPaper-GPR-EKF,0.014336211361221542,0.006517662090807988,0.007655733913110216,0.0029013578443364873,0.9441102915166354,0.05113341540149647
False,very_narrow_38_39,ApproxPaper-GPR-EKF,0.015090855001672007,0.006217156756575458,0.008022202046149505,0.0030163423446450295,0.9382372862492326,0.050002654997302165
True,full_36_42,ApproxPaper-GPR-EKF,0.005783782199247248,0.0041769091757712104,0.0039769834793297295,0.0029418940091757565,0.9898002650310059,0.012791440599566387
True,medium_37_40,ApproxPaper-GPR-EKF,0.006754431673324775,0.0043236190097356185,0.004664098658483847,0.0030231035386777444,0.9868432795220916,0.014279926148117418
True,narrow_375_395,ApproxPaper-GPR-EKF,0.007421408594119574,0.0040153060414408435,0.0053611159961159775,0.0027859639275195813,0.9848328624888367,0.013434078464568358
True,very_narrow_38_39,ApproxPaper-GPR-EKF,0.00773708790051009,0.004374365192717574,0.0054727599127318465,0.0031117050212986783,0.9830395614485189,0.015336606308328558
