exclude_outliers,window,experiment,model,RMSE,RMSE,MAE,MAE,R2,R2
,,,,mean,std,mean,std,mean,std
False,adaptive_all_windows,MAW-GME,MAW-GME,0.005986588688228504,0.0036527342174690015,0.00367894075473971,0.0021059076888927074,0.9885814611091747,0.012947657391493204
True,adaptive_all_windows,MAW-GME,MAW-GME,0.004920737571214715,0.0032280305305612245,0.003813402047623725,0.0026221943173284088,0.9920122836289738,0.008378875110657803
