exclude_outliers,window,model,RMSE,RMSE,MAE,MAE,R2,R2
,,,mean,std,mean,std,mean,std
False,full_36_42,SingleHI-Polynomial-EKF,0.008512267422794054,0.007813378694818046,0.004453381272125458,0.003128387003102153,0.9720352963265508,0.047381341367404343
False,medium_37_40,SingleHI-Polynomial-EKF,0.009555461643950252,0.007385820913490169,0.005194544396373503,0.003065590485660636,0.9687731057535738,0.04707016773155168
False,narrow_375_395,SingleHI-Polynomial-EKF,0.010487979768619385,0.007088880932735085,0.0059785666784398705,0.003030732219195954,0.9644930444589311,0.046803526044876524
False,very_narrow_38_39,SingleHI-Polynomial-EKF,0.011316912981357737,0.007437953504165564,0.006337080166203971,0.003146717612099126,0.9579039792028566,0.05020949519384894
True,full_36_42,SingleHI-Polynomial-EKF,0.005711204429212013,0.003849239217984946,0.004139737612553848,0.002802955315964508,0.990109060042828,0.012236947275933744
True,medium_37_40,SingleHI-Polynomial-EKF,0.006652832172086887,0.003918623661654276,0.004841077075507002,0.002993948433485664,0.986813527330665,0.013486619806212763
True,narrow_375_395,SingleHI-Polynomial-EKF,0.007491722936636719,0.004245259067908635,0.005602872069717688,0.0034053278936897503,0.982477415881566,0.016778962337728843
True,very_narrow_38_39,SingleHI-Polynomial-EKF,0.008170096110690408,0.0050750823326524,0.005921337718341794,0.0036455827138581927,0.9770904053172023,0.02447759267773967
