exclude_outliers,window,experiment,model,RMSE,RMSE,MAE,MAE,R2,R2
,,,,mean,std,mean,std,mean,std
False,adaptive_all_windows,MAW-GME,MAW-GME,0.0029321054597014106,0.0016016566083858102,0.0021163465327682365,0.0011544026525699737,0.996243395301789,0.0037047309953784882
True,adaptive_all_windows,MAW-GME,MAW-GME,0.0029321054597015016,0.0016016566083858544,0.002116346532768351,0.0011544026525700346,0.9962433953017887,0.003704730995378739
